weight,height,goal,sex,abs,pushups,superman,squats,run,chestrep,chestweight,bicycle,triceprep,tricepweight,biceprep,bicepweight,shoulderrep,shoulderweight,backrep,backweight
66.75,162.64,3,1,170,15,120,30,500,15,0,500,13,35,10,9,15,15,13,30
68.07,176.54,2,1,100,40,100,50,500,9,25,500,11,50,11,19,9,20,11,60
65.76,180.9,2,1,70,40,70,50,500,10,35,500,9,40,11,16,11,20,8,45
93.01,200.43,2,1,70,40,70,50,500,15,31,500,11,35,12,17,15,20,11,60
84.05,153.28,1,1,60,8,60,20,2100,13,0,2600,12,35,11,12,11,15,13,30
72.06,174.77,3,1,190,14,140,30,500,14,10,500,15,35,11,12,11,5,11,30
76.55,173.91,3,1,250,10,200,30,500,13,10,500,13,35,8,8,9,15,9,35
59.75,169.5,2,1,90,50,90,50,500,9,22,500,12,50,10,15,8,20,9,60
67.91,171.27,2,1,80,30,80,50,500,10,22,500,12,50,14,15,12,20,13,45
69.49,141.04,1,1,80,14,80,20,2800,12,0,2000,10,25,9,9,12,15,9,35
69.18,165.65,3,1,150,8,100,20,500,13,0,500,9,25,10,13,14,10,15,40
103.77,195.86,3,1,210,9,160,20,500,14,5,500,13,35,9,14,11,10,13,35
79.51,177.21,3,1,250,9,200,20,500,13,0,500,15,25,11,11,12,5,9,30
87.62,147.92,1,1,90,11,90,20,2100,15,5,2000,13,25,9,10,10,5,12,30
94.83,165.66,1,1,70,10,70,30,2400,13,0,3000,15,35,8,15,13,15,9,35
53.85,159.58,2,1,80,30,80,50,500,8,25,500,15,40,13,19,12,15,10,45
73.43,193.95,2,1,60,30,60,50,500,10,30,500,9,30,8,19,14,20,12,50
107.3,167.68,1,1,50,15,50,30,2000,11,15,2400,10,35,9,14,9,5,13,40
67.23,171.4,2,1,100,30,100,50,500,10,16,500,10,35,15,18,10,20,9,65
91.67,141.13,1,1,70,11,70,20,2500,13,5,2400,15,35,12,11,10,5,15,30
81.52,154.85,1,1,70,14,70,20,2900,8,15,2900,13,25,15,12,11,10,14,40
79.84,178.48,3,1,190,8,140,30,500,9,15,500,14,25,12,11,15,5,10,35
85.41,153.21,1,1,50,13,50,20,2200,10,10,2300,15,25,8,10,14,15,10,30
88.73,177.05,1,1,90,15,90,30,2800,8,0,2500,15,35,10,15,12,10,13,35
83.71,190.37,2,1,50,50,50,50,500,13,25,500,9,30,13,16,10,20,12,45
90.7,176.64,1,1,80,11,80,30,2600,10,15,2500,11,25,15,9,9,5,13,30
61.18,157.99,3,1,210,13,160,30,500,11,5,500,12,25,13,11,11,5,14,40
91.84,157.12,1,1,100,8,100,20,2800,15,15,2900,11,35,11,8,15,5,12,30
59.45,149.31,1,1,70,14,70,30,2500,11,0,3000,14,35,14,13,12,15,12,30
99.25,172.05,1,1,60,13,60,30,2100,9,5,2300,13,25,9,10,14,10,12,40
85.07,125.56,1,1,80,15,80,20,2000,8,5,2000,8,35,12,8,8,10,13,40
97.71,181.56,1,1,70,14,70,30,2500,10,0,2800,10,35,9,14,14,15,8,35
55.42,155.68,3,1,210,10,160,20,500,13,10,500,10,35,12,14,13,5,9,30
102.52,190.72,1,1,60,9,60,30,2200,13,10,2900,14,35,8,10,13,10,11,40
95.97,200.17,2,1,80,30,80,50,500,9,31,500,8,50,8,18,12,20,9,60
67.07,168.21,3,1,180,15,130,20,500,13,0,500,9,25,15,8,15,15,9,30
91.4,176.23,1,1,80,15,80,30,2000,15,15,2400,11,35,11,13,15,15,14,40
78.87,145.74,1,1,100,14,100,20,2100,9,15,2700,8,35,14,9,13,15,10,40
90.59,178.84,1,1,50,12,50,20,2600,12,15,2000,9,35,8,12,8,15,15,40
58.3,188.2,2,1,100,50,100,50,500,12,15,500,14,30,14,20,10,20,12,55
72.45,159.86,1,1,80,15,80,20,2900,10,10,2300,11,25,12,10,8,10,13,30
85.48,168.44,1,1,90,12,90,20,2700,8,15,2800,10,25,8,15,12,10,8,35
91.45,157,1,1,60,10,60,20,2200,11,0,2400,9,25,13,15,8,10,8,30
86.6,200.92,2,1,50,50,50,50,500,10,32,500,15,35,13,19,8,15,9,65
71.5,158.92,1,1,50,11,50,30,3000,11,10,2500,11,25,10,11,13,15,8,40
61.68,172.94,2,1,80,30,80,50,500,11,31,500,13,35,8,19,10,20,12,65
80.84,161.07,1,1,90,14,90,30,2900,14,10,2400,12,25,12,8,8,10,11,30
63.68,150.43,1,1,60,10,60,30,2400,10,5,3000,8,35,12,8,12,5,13,30
66.37,165.95,3,1,170,12,120,20,500,13,10,500,14,25,14,11,9,10,11,35
79.78,185.68,2,1,70,30,70,50,500,10,31,500,15,30,8,18,15,20,11,45
82.74,174.11,3,1,220,14,170,20,500,13,10,500,14,25,15,11,10,10,10,40
134.24,184.07,1,1,50,12,50,20,2300,13,0,2200,12,35,10,13,13,5,13,40
106.32,130.41,1,1,80,14,80,30,2500,10,0,2900,14,25,14,10,14,15,11,35
86.98,196.38,2,1,90,30,90,50,500,11,26,500,14,45,12,20,15,20,10,60
97.19,188.98,3,1,220,12,170,30,500,13,0,500,15,25,8,11,9,15,8,40
102.42,164.67,1,1,80,9,80,20,2300,8,10,2700,9,25,9,8,12,5,14,40
70.6,182.63,2,1,80,50,80,50,500,13,15,500,8,35,9,16,14,20,11,55
100.25,182.16,1,1,70,15,70,20,2000,13,15,3000,8,25,12,11,9,10,10,35
67.76,165.53,3,1,250,9,200,30,500,8,0,500,14,35,15,14,12,5,10,30
114.61,183.16,1,1,80,10,80,20,3000,9,15,2400,10,35,11,14,12,15,8,30
58.82,152.41,3,1,200,14,150,20,500,14,0,500,9,35,13,9,14,5,8,40
95.26,166.18,1,1,100,9,100,20,2800,8,15,2600,15,35,13,8,12,10,8,35
81.21,161.38,1,1,60,13,60,30,2500,10,15,2400,15,25,11,14,8,5,10,40
80.05,145.93,1,1,50,12,50,20,3000,11,15,2900,10,35,8,13,14,10,12,35
67.57,174.9,2,1,100,30,100,50,500,9,25,500,9,35,13,19,11,15,12,40
81.15,167.04,1,1,100,10,100,20,2700,13,10,2400,15,25,13,13,14,5,10,40
99,195.32,3,1,240,13,190,20,500,9,15,500,8,35,13,11,8,15,13,35
78.24,154.95,1,1,70,14,70,20,2400,9,10,2800,15,25,10,13,12,5,13,40
90.08,179.71,1,1,70,13,70,30,2300,12,0,2300,15,25,10,15,12,15,15,30
76.62,191.15,2,1,100,50,100,50,500,14,26,500,15,40,10,15,15,20,10,65
102.26,164.64,1,1,90,10,90,30,2100,8,0,2700,8,25,8,15,14,15,13,35
75.62,164.02,1,1,70,10,70,20,2600,13,15,2600,11,25,14,12,14,5,12,30
68.18,172.39,2,1,70,50,70,50,500,13,19,500,12,40,15,15,11,15,12,60
69.72,203.03,2,1,90,40,90,50,500,14,17,500,11,30,9,18,8,20,8,50
97.44,146.44,1,1,90,9,90,20,3000,15,5,2800,9,35,15,14,9,10,8,30
88.41,167.35,1,1,90,8,90,20,2000,13,0,2600,11,35,9,15,11,15,9,40
58.08,155.39,3,1,150,12,100,20,500,14,0,500,9,35,14,9,9,15,15,35
68.55,169.92,3,1,160,15,110,30,500,13,5,500,8,25,15,10,9,10,10,40
67.02,166.9,3,1,250,15,200,20,500,10,0,500,13,35,13,15,11,15,11,35
62.32,152.1,1,1,100,10,100,20,2400,9,10,2100,13,35,13,13,9,10,10,30
80.49,176.66,3,1,190,14,140,20,500,9,0,500,15,25,10,9,14,5,13,30
55.05,156.8,3,1,210,9,160,30,500,12,0,500,10,35,15,10,9,10,8,35
99.57,170.11,1,1,80,9,80,30,2800,14,15,2100,9,35,8,13,8,10,8,35
74.25,184.78,2,1,90,40,90,50,500,13,29,500,10,50,14,18,11,20,9,60
94.26,171.21,1,1,100,12,100,30,2900,9,15,2100,10,35,13,10,10,15,9,40
59.21,157.5,3,1,150,11,100,20,500,15,0,500,14,35,9,14,11,5,13,40
91.68,210.25,2,1,70,30,70,50,500,9,35,500,8,40,10,19,13,15,12,45
76.29,167.64,3,1,210,14,160,30,500,14,5,500,12,25,14,8,8,10,13,35
73.95,160.34,1,1,90,11,90,30,2100,11,15,2300,9,25,13,8,9,10,12,35
68.67,157.85,1,1,70,8,70,30,2900,8,0,2600,11,35,14,10,8,15,11,35
90.59,168.99,1,1,60,8,60,30,2900,8,10,2700,13,35,9,13,13,15,10,30
64.83,179.41,2,1,80,40,80,50,500,10,28,500,14,35,10,15,14,15,9,45
87.25,161.02,1,1,50,9,50,30,2800,12,10,2000,9,25,11,11,15,10,10,30
92.05,161.31,1,1,50,13,50,20,2100,14,15,2100,8,35,10,14,11,10,10,30
64.76,155.31,3,1,150,8,100,30,500,15,5,500,8,25,8,15,12,10,11,35
76.28,183.52,2,1,100,40,100,50,500,13,20,500,14,50,11,20,12,15,14,40
67.29,150.91,1,1,80,15,80,20,2700,14,5,2900,15,35,9,8,15,10,11,30
90.26,188.2,3,1,220,11,170,30,500,10,5,500,8,25,10,12,11,10,12,40
81.38,179.3,3,1,190,11,140,30,500,14,15,500,8,25,13,13,10,10,14,30
77.17,164.66,1,1,50,9,50,30,2400,11,0,2600,13,25,12,8,10,15,13,30
51.64,191.01,2,1,100,40,100,50,500,9,16,500,11,45,13,16,10,15,11,45
74.41,159.67,1,1,60,14,60,20,2200,9,15,2300,10,35,13,10,10,10,14,30
92.74,177.82,1,1,100,11,100,20,2900,8,0,2700,12,35,15,10,12,10,15,35
75.1,191.48,2,1,80,50,80,50,500,11,23,500,12,50,10,19,13,15,8,40
71.45,181.2,2,1,90,50,90,50,500,13,17,500,10,40,10,17,13,15,15,60
85.79,182.28,3,1,200,10,150,20,500,14,15,500,10,25,15,15,9,15,15,35
98.18,186.88,1,1,80,13,80,20,3000,10,0,2300,13,25,8,12,12,15,13,30
94.05,171.49,1,1,80,9,80,30,2800,10,0,2200,9,25,10,10,15,15,14,35
90.29,156.79,1,1,60,10,60,30,2700,13,10,2700,15,25,8,14,14,5,10,40
89.59,177.71,1,1,50,14,50,30,2500,12,5,2000,13,25,8,15,8,10,14,40
96.72,180.07,1,1,90,11,90,20,2600,14,0,2400,11,35,15,14,10,5,13,35
86.17,165.12,1,1,90,12,90,20,2300,10,10,2400,13,35,15,12,8,5,8,35
64.41,162.64,3,1,170,10,120,20,500,9,15,500,8,25,11,11,15,15,10,30
45.88,163.81,2,1,80,30,80,50,500,14,15,500,11,40,14,15,13,15,13,55
102.34,168.13,1,1,70,15,70,20,3000,8,0,2600,8,25,9,15,9,15,13,40
111.63,178.34,1,1,50,13,50,30,2700,13,10,2900,9,35,9,15,9,5,11,40
90.44,164.8,1,1,50,13,50,30,2500,15,0,2500,11,35,8,15,15,5,14,30
78.36,180.01,3,1,240,10,190,20,500,12,0,500,10,35,9,11,13,15,10,30
55.15,173.44,2,1,70,30,70,50,500,8,28,500,13,50,14,16,12,15,10,65
77.12,171.75,3,1,210,15,160,30,500,10,0,500,15,25,12,9,10,15,15,35
68.1,148.48,1,1,90,9,90,20,3000,12,15,2400,14,35,8,11,12,5,9,30
71.9,160.97,1,1,100,10,100,20,2600,11,0,2600,11,35,15,12,14,5,14,40
83.35,161.08,1,1,80,12,80,20,2100,11,5,2900,11,25,10,15,15,10,13,30
104.82,153.57,1,1,60,9,60,20,2500,10,10,2500,12,35,9,10,9,5,12,40
71.5,194,2,1,90,40,90,50,500,9,34,500,11,35,12,20,12,20,11,55
75.34,152.49,1,1,90,11,90,30,2200,15,0,2000,15,35,8,13,13,10,13,30
60.64,130.62,1,1,50,11,50,20,2700,15,0,2700,15,25,11,11,15,15,13,40
95.18,167.51,1,1,60,15,60,20,2600,12,15,2200,10,25,15,8,9,10,11,40
79.84,177.7,3,1,190,14,140,20,500,14,15,500,11,25,10,12,12,5,10,35
89.74,170.82,1,1,100,13,100,30,2100,11,15,2400,11,25,15,11,13,5,13,35
94.17,160.13,1,1,80,12,80,30,2300,12,10,2400,8,25,11,11,15,15,14,35
86,143.45,1,1,70,12,70,30,2800,13,15,2600,10,35,9,10,12,10,14,35
64.23,141.89,1,1,60,9,60,30,3000,9,15,2100,8,35,14,10,9,15,14,30
78.34,147.46,1,1,70,12,70,20,3000,12,0,3000,9,35,14,12,10,10,13,30
85.71,157.28,1,1,60,13,60,20,3000,9,15,2700,9,25,11,10,8,15,10,40
63.49,189.11,2,1,80,40,80,50,500,15,17,500,11,50,12,15,12,15,15,55
59.13,181.34,2,1,80,30,80,50,500,10,26,500,12,40,9,18,13,20,14,65
86.65,201.15,2,1,100,40,100,50,500,15,24,500,12,35,15,15,10,20,9,65
63.18,191.42,2,1,50,50,50,50,500,12,17,500,9,45,12,19,10,15,8,50
65.8,177.3,2,1,80,30,80,50,500,12,24,500,14,45,15,18,12,20,13,50
82.21,154.01,1,1,50,12,50,30,2400,10,10,2500,14,25,12,11,12,5,14,35
78.54,171.47,3,1,160,13,110,30,500,13,15,500,11,25,9,10,11,5,12,30
102.66,172.36,1,1,70,13,70,30,2100,10,10,2500,11,35,14,10,8,10,9,35
71.48,183.13,2,1,60,30,60,50,500,9,32,500,14,45,11,15,15,20,10,40
122.23,145.71,1,1,60,12,60,20,2300,8,10,2100,9,35,12,14,8,10,15,40
86.54,198.96,2,1,70,40,70,50,500,10,22,500,11,40,8,15,13,15,13,60
78.5,173.3,3,1,150,9,100,30,500,14,5,500,12,25,10,11,8,5,10,35
60.64,136.99,1,1,100,9,100,30,2900,8,15,2600,14,25,14,14,13,15,14,40
106.56,191.24,1,1,80,11,80,30,2200,8,5,2200,10,25,15,12,14,5,8,35
86.16,178.33,3,1,160,15,110,20,500,8,15,500,10,35,12,10,12,15,14,30
77.47,161.03,1,1,90,15,90,30,2300,12,0,2600,13,25,15,15,13,15,10,30
83.74,170.04,1,1,50,13,50,20,2600,15,0,2000,10,35,12,14,12,5,14,30
79.86,179,3,1,170,13,120,20,500,14,10,500,9,35,12,11,14,5,8,35
86.3,174.54,1,1,100,14,100,20,2500,12,0,2500,10,25,10,9,10,15,11,40
70.11,178.23,2,1,90,50,90,50,500,10,33,500,9,30,13,20,11,15,13,60
94.98,171.92,1,1,60,9,60,30,2200,12,15,2800,9,25,12,8,14,10,9,30
69.82,171.56,3,1,240,10,190,20,500,10,10,500,9,35,13,9,11,5,11,40
79.17,167.74,1,1,50,15,50,20,2200,12,0,2200,14,25,8,8,14,5,13,40
79.53,171.79,3,1,170,12,120,30,500,11,5,500,9,25,13,11,13,10,9,35
57.05,185.9,2,1,100,50,100,50,500,9,20,500,15,50,15,20,15,15,11,65
75.7,172.89,3,1,250,14,200,20,500,13,10,500,9,25,13,8,11,10,13,30
66.71,148.49,1,1,60,14,60,20,2000,8,0,2000,10,25,15,11,11,10,15,30
81.93,163.16,1,1,60,11,60,20,3000,10,10,2800,12,25,9,15,9,5,12,35
87.81,163.45,1,1,100,11,100,30,3000,12,10,2500,10,35,10,12,8,15,14,30
86.38,151.57,1,1,50,11,50,20,2800,11,5,2900,14,25,15,13,8,10,11,30
88.39,181.55,3,1,170,10,120,30,500,8,10,500,15,25,12,11,12,5,13,40
93.19,169.63,1,1,50,12,50,20,3000,14,15,2300,13,25,13,10,10,10,14,35
99.03,160.93,1,1,70,11,70,20,2600,13,10,2500,14,35,12,8,15,15,14,35
86.89,164.89,1,1,60,14,60,20,3000,14,15,2300,11,25,14,14,8,10,12,30
70.07,174.24,2,1,70,30,70,50,500,9,28,500,11,40,15,17,14,15,11,40
81.68,158.44,1,1,60,13,60,20,2200,10,0,2100,13,25,15,10,8,10,9,40
75.97,180.69,2,1,90,40,90,50,500,13,29,500,13,45,15,20,13,20,12,65
89.23,190.24,3,1,210,10,160,20,500,10,5,500,9,35,9,13,13,5,15,40
85.59,170.49,1,1,60,9,60,20,2300,8,10,2200,14,35,11,12,9,5,11,30
69.52,166.56,3,1,210,15,160,20,500,11,15,500,9,35,8,11,15,5,8,35
103.16,198.1,3,1,250,12,200,30,500,12,10,500,9,25,12,15,15,15,14,40
82.86,182.27,3,1,150,8,100,30,500,8,15,500,12,25,11,15,9,10,11,35
73.58,188.09,2,1,90,30,90,50,500,13,29,500,12,50,11,20,9,20,9,45
82.07,185.78,2,1,70,50,70,50,500,14,31,500,10,40,11,20,14,20,10,40
86.28,205.49,2,1,70,50,70,50,500,11,32,500,14,35,11,19,15,20,8,55
83.12,179.38,3,1,170,10,120,20,500,8,10,500,12,25,15,15,8,10,8,35
60.92,147.08,1,1,80,15,80,20,2700,10,5,2400,13,25,8,9,13,10,12,40
90.03,180.07,3,1,160,12,110,20,500,9,5,500,11,35,11,13,11,5,9,35
80.65,154.91,1,1,100,8,100,20,2700,15,10,2400,14,25,9,14,8,15,15,40
67.78,164.55,3,1,200,9,150,30,500,13,0,500,8,25,13,13,15,15,8,30
86.32,170.24,1,1,60,11,60,20,2100,10,0,2200,8,25,14,9,10,10,10,30
66.27,174.46,2,1,90,50,90,50,500,10,21,500,11,45,8,18,12,20,10,60
74.66,176.85,3,1,240,9,190,20,500,8,15,500,11,25,9,12,11,5,9,35
85.33,154.97,1,1,100,10,100,20,2200,10,10,2800,12,25,10,8,13,15,9,35
103.05,190.14,1,1,100,15,100,20,2600,13,10,3000,15,25,9,15,12,5,13,30
74.06,162.62,1,1,60,13,60,30,2800,10,10,2700,14,25,15,11,8,5,12,40
97.14,187.02,1,1,50,8,50,20,2400,8,10,3000,8,35,13,15,12,5,12,30
62.89,165.25,3,1,150,12,100,20,500,9,5,500,9,35,11,8,11,15,8,35
51.55,167.08,2,1,80,40,80,50,500,10,34,500,11,50,13,19,8,20,13,65
68.33,163.77,3,1,220,15,170,20,500,15,5,500,15,35,14,13,10,10,8,40
92.17,183.03,3,1,160,9,110,20,500,12,10,500,9,35,15,11,11,10,11,40
73.07,180.03,2,1,50,40,50,50,500,8,17,500,9,30,12,17,12,20,12,45
70.99,175.85,2,1,80,40,80,50,500,13,30,500,15,30,15,16,15,20,11,40
86.56,160.07,1,1,70,12,70,20,2200,13,5,2700,10,25,15,9,14,15,13,40
84.12,134.97,1,1,50,12,50,30,2000,14,10,3000,12,35,10,15,15,15,10,35
87.15,184.77,3,1,150,8,100,20,500,12,5,500,14,25,8,9,14,15,15,40
101.63,156.97,1,1,60,12,60,30,2900,14,15,2500,11,35,12,11,11,5,13,40
93.52,193.76,3,1,160,15,110,30,500,15,15,500,10,25,8,14,15,5,14,40
75.48,156,1,1,100,14,100,20,2900,13,15,2700,8,25,10,13,12,10,14,40
45.77,158.11,2,1,90,40,90,50,500,13,30,500,8,45,13,15,15,20,9,60
99.96,158.98,1,1,90,11,90,20,2900,15,5,2800,14,35,15,15,8,15,8,35
69.91,169.72,3,1,150,8,100,30,500,8,5,500,13,25,10,13,14,5,10,40
65.22,181.56,2,1,70,30,70,50,500,13,17,500,13,35,15,16,11,15,13,65
92.13,141.49,1,1,60,15,60,30,2400,8,10,2800,14,25,8,15,10,10,9,40
116.29,168.27,1,1,60,10,60,20,2000,11,5,2200,9,25,9,15,11,15,14,40
89.05,160.93,1,1,100,10,100,20,2600,11,5,2700,15,35,12,12,12,10,11,35
86.24,179.22,3,1,160,11,110,20,500,9,15,500,12,25,8,8,15,10,14,35
79.52,196.19,2,1,100,40,100,50,500,12,27,500,11,45,14,20,11,20,10,50
64.74,183.63,2,1,70,30,70,50,500,14,24,500,8,40,10,18,15,20,10,50
51.93,170.7,2,1,60,40,60,50,500,11,27,500,13,45,9,16,13,15,11,50
92.67,173.72,1,1,80,11,80,30,2900,9,10,2500,8,35,14,8,9,15,9,40
58.11,165.04,2,1,100,30,100,50,500,9,33,500,11,35,10,19,8,15,13,65
93.69,171.18,1,1,100,10,100,30,2900,12,15,2900,11,25,14,14,12,15,15,30
80.61,164.25,1,1,80,11,80,20,2800,9,10,2200,10,35,10,13,12,5,15,40
81.03,167.85,1,1,70,10,70,30,2300,11,5,2100,8,35,12,12,12,15,15,40
99.21,166.48,1,1,80,11,80,20,2600,15,10,2600,9,25,9,8,9,5,14,30
79.57,155.72,1,1,60,13,60,20,2600,10,5,2400,13,25,14,9,11,10,15,40
90.64,156.51,1,1,50,9,50,30,2200,14,15,2400,15,35,11,11,12,15,11,40
88.99,176.13,1,1,50,11,50,20,2500,11,10,2500,12,25,14,11,11,10,9,35
77.55,174.57,3,1,200,12,150,20,500,8,15,500,11,35,12,14,12,15,11,35
60.59,184.58,2,1,100,50,100,50,500,13,27,500,10,35,13,15,13,15,10,60
72.11,170.55,3,1,180,9,130,20,500,11,5,500,13,35,15,15,13,10,11,30
92.84,181.09,1,1,80,10,80,20,2700,11,15,2300,8,25,11,11,8,10,11,30
78.7,163.14,1,1,70,11,70,30,2000,11,0,2600,8,25,12,8,11,15,8,40
64.48,159.29,3,1,180,14,130,30,500,12,5,500,12,25,11,11,15,15,9,35
93.89,183.03,1,1,70,10,70,20,2700,10,10,2400,15,35,9,8,10,15,11,30
79.58,162.78,1,1,90,11,90,20,2700,10,10,2700,14,35,10,13,9,10,13,40
67.49,180.43,2,1,90,50,90,50,500,10,35,500,10,40,11,20,12,20,13,45
86.61,144.42,1,1,70,15,70,20,2700,15,0,3000,9,35,15,9,14,15,11,40
110.17,173.89,1,1,100,11,100,30,3000,8,10,2700,10,25,12,9,12,10,14,40
40.79,185.61,2,1,50,40,50,50,500,13,24,500,15,40,15,20,11,20,12,60
73.08,163.85,3,1,240,12,190,30,500,12,15,500,10,25,10,10,8,5,12,35
56.78,211.76,2,1,100,40,100,50,500,9,35,500,12,45,11,20,10,15,13,55
91.15,152.47,1,1,90,12,90,30,2200,11,0,2200,13,25,8,15,9,10,14,30
71.17,170.03,3,1,160,13,110,20,500,15,5,500,12,35,10,14,10,10,11,35
115.93,189.31,1,1,80,8,80,20,2700,13,0,2000,11,25,9,11,8,10,14,40
78.58,150.86,1,1,60,13,60,30,2200,12,15,2500,9,25,12,13,15,5,9,35
89.07,183.23,3,1,190,14,140,30,500,13,0,500,13,25,11,10,10,5,9,30
93.23,173.42,1,1,90,13,90,30,2100,10,10,2200,14,35,15,11,8,5,15,40
69.03,176.51,2,1,90,40,90,50,500,11,26,500,11,45,13,19,15,15,10,45
87.19,182.25,3,1,170,10,120,30,500,14,10,500,9,25,8,14,15,15,15,40
69.51,143.71,1,1,100,10,100,30,2000,14,0,2500,12,25,15,15,8,15,15,30
88.73,155.52,1,1,70,13,70,20,2300,14,15,2900,11,35,10,12,13,15,14,40
80.75,185.11,2,1,50,30,50,50,500,15,33,500,11,30,8,18,9,20,10,45
84.74,172.66,1,1,90,14,90,20,2600,11,15,2000,15,35,15,11,15,15,11,40
73.15,146.51,1,1,90,9,90,20,2300,13,0,2400,12,25,8,15,9,10,8,30
59.99,175.96,2,1,90,40,90,50,500,13,28,500,12,45,13,16,8,15,12,55
44.03,192.32,2,1,70,40,70,50,500,14,33,500,8,40,10,19,14,20,11,50
69.85,190.72,2,1,60,50,60,50,500,12,32,500,13,45,11,19,13,15,15,50
86.96,152.54,1,1,70,14,70,30,2500,9,15,2800,11,35,11,8,15,5,11,30
64.99,143.6,1,1,100,11,100,30,2400,14,10,2900,15,25,10,8,13,15,12,30
53.65,156.85,2,1,60,30,60,50,500,13,27,500,13,40,10,17,10,20,12,40
76.12,153.83,1,1,60,13,60,30,2300,14,10,2400,13,35,8,11,9,15,12,30
64.53,206.78,2,1,50,40,50,50,500,9,23,500,13,30,13,18,10,15,9,65
86.13,204.62,2,1,70,30,70,50,500,13,28,500,11,30,9,20,9,15,14,60
78.76,184.44,2,1,90,50,90,50,500,10,20,500,13,50,14,19,8,15,12,65
79.59,157.1,1,1,100,15,100,20,2900,12,5,2000,9,35,9,10,15,10,11,30
58.24,154.83,3,1,160,8,110,30,500,8,15,500,12,25,11,10,11,15,15,35
61.45,195.36,2,1,50,40,50,50,500,13,27,500,12,45,11,18,11,20,10,50
43.41,156.94,2,1,100,30,100,50,500,14,32,500,9,35,8,17,12,20,11,60
65.17,155.25,3,1,170,14,120,20,500,10,0,500,8,35,15,8,14,10,10,40
83.47,176.43,3,1,180,12,130,30,500,9,15,500,11,25,8,11,15,5,10,30
88.39,148.32,1,1,50,13,50,20,2500,15,15,2000,12,35,9,11,13,15,10,35
58.22,194.94,2,1,60,30,60,50,500,10,30,500,13,45,10,17,9,20,14,50
84.28,174.34,3,1,170,9,120,30,500,11,0,500,10,25,14,14,8,15,8,30
63.34,198.52,2,1,90,50,90,50,500,13,26,500,14,35,8,15,14,15,10,45
77.11,186.69,2,1,50,50,50,50,500,15,21,500,13,30,9,16,12,15,13,60
59.92,170.69,2,1,80,50,80,50,500,10,30,500,12,40,13,17,12,20,8,65
95.3,154.73,1,1,50,14,50,20,2200,15,0,2900,10,35,10,10,14,5,8,35
74.64,162.46,1,1,90,8,90,30,2500,10,0,2900,15,25,9,13,10,15,9,40
80.78,161.52,1,1,60,9,60,20,2400,9,0,2400,8,35,11,12,14,10,13,30
66.44,162.04,3,1,240,15,190,20,500,9,5,500,11,25,10,12,14,15,15,35
80.01,171.4,3,1,240,13,190,30,500,14,10,500,12,35,9,13,10,10,11,40
54.24,146.67,3,1,160,11,110,20,500,14,15,500,15,35,10,8,11,10,10,30
87.67,162.1,1,1,60,14,60,20,2300,8,0,2700,10,25,9,11,14,5,9,40
81.7,189.76,2,1,100,50,100,50,500,12,16,500,9,30,9,17,15,20,9,60
71.51,165.56,3,1,150,8,100,30,500,10,5,500,8,25,11,12,11,5,11,40
91.4,169.43,1,1,90,15,90,20,3000,15,10,2100,8,35,11,15,11,15,12,40
71.42,165.93,3,1,200,15,150,20,500,14,5,500,15,25,9,9,15,5,9,40
80.91,160.7,1,1,90,9,90,30,2100,12,15,2600,8,35,10,13,9,15,9,35
79.71,168.36,1,1,90,8,90,30,2000,15,0,2900,10,35,8,14,10,15,12,35
72.19,154.11,1,1,90,12,90,20,3000,14,5,2700,11,35,10,12,14,5,13,30
46.57,166.05,2,1,70,30,70,50,500,13,34,500,11,45,14,18,9,20,10,45
77.16,163.17,1,1,90,14,90,30,2900,10,10,2400,12,35,14,11,10,5,11,35
102.12,148.64,1,1,70,15,70,20,2900,12,0,2200,12,35,15,14,13,15,12,30
85.82,174.88,1,1,60,9,60,20,2100,11,10,2200,9,35,11,9,10,15,11,35
90.93,147.47,1,1,100,10,100,30,2100,8,0,2600,15,35,10,13,9,10,12,35
85.88,162.79,1,1,50,15,50,20,2200,11,10,3000,9,25,15,10,13,5,15,35
106.05,171.98,1,1,50,11,50,30,2900,9,0,2800,10,35,12,15,14,10,10,40
70.13,190.31,2,1,100,50,100,50,500,13,25,500,14,30,12,16,13,15,11,50
83.68,160.1,1,1,70,10,70,30,2300,14,0,2100,12,35,13,14,10,10,12,30
86.77,142.68,1,1,70,13,70,20,3000,15,0,2800,11,25,15,12,14,5,9,30
88.83,159.94,1,1,60,15,60,30,2900,9,5,2500,8,35,9,13,9,15,11,35
68.47,165.11,3,1,250,15,200,30,500,10,0,500,12,35,15,10,12,15,13,40
86.65,161.5,1,1,70,10,70,30,2600,8,10,2500,12,25,12,11,8,10,12,30
51.32,159.97,2,0,80,40,80,50,500,9,15,500,10,20,13,10,11,15,11,35
46.45,137.82,3,0,210,8,160,20,500,9,5,500,8,30,13,7,9,5,11,25
51.68,136.21,1,0,80,12,80,30,2000,8,10,2600,13,30,14,4,12,5,9,15
64.14,157.59,3,0,220,13,170,20,500,14,5,500,13,40,12,4,13,5,12,20
72.91,151.45,1,0,70,11,70,30,3000,13,5,2800,10,20,10,7,11,5,8,30
81.67,149.84,1,0,100,8,100,30,2500,8,10,2500,8,10,15,4,8,10,9,30
72.23,151.1,1,0,100,11,100,30,2100,11,10,2500,14,40,9,8,13,5,9,30
60.63,159.16,3,0,230,14,180,30,500,14,10,500,13,30,13,4,14,5,8,25
75.64,166.44,3,0,190,15,140,20,500,15,0,500,15,10,10,7,8,5,14,20
85.11,167.77,1,0,50,8,50,30,2800,12,10,3000,9,20,9,3,10,5,13,30
71.05,184.51,2,0,80,50,80,50,500,13,10,500,12,15,8,10,11,15,14,40
77.06,140.26,1,0,60,12,60,20,2600,14,5,2700,8,40,10,6,10,5,12,30
57.85,181.5,2,0,60,50,60,50,500,15,15,500,12,15,15,9,12,15,10,35
108.14,178.07,1,0,60,15,60,20,2000,9,10,2400,8,10,15,5,15,5,10,25
55.69,144.7,1,0,50,14,50,30,2200,14,5,2000,12,40,14,4,8,10,10,20
69.21,145.42,1,0,50,10,50,20,2600,15,10,2000,8,20,15,8,9,5,11,15
59.54,166.08,2,0,50,30,50,50,500,15,15,500,8,25,9,12,14,15,15,35
54.82,176.18,2,0,60,30,60,50,500,11,15,500,13,25,8,11,10,15,8,30
51.39,190.84,2,0,50,30,50,50,500,14,15,500,14,15,10,8,15,10,13,30
81.43,167.64,1,0,60,12,60,20,2200,8,5,2400,13,40,9,6,10,5,10,25
46.21,151.07,2,0,100,40,100,50,500,15,10,500,13,20,13,10,9,15,13,40
65.71,148.55,1,0,80,14,80,30,2100,12,5,2000,9,40,11,7,12,10,10,20
57.89,161.47,2,0,50,50,50,50,500,14,10,500,13,15,10,12,14,10,13,35
61.02,168.43,2,0,100,30,100,50,500,8,15,500,12,20,12,8,12,15,11,30
65.28,181.32,2,0,50,50,50,50,500,13,15,500,12,20,12,10,14,15,9,30
86.45,156.9,1,0,60,11,60,30,2400,13,0,2700,11,30,8,5,10,5,8,30
67.03,167.82,3,0,210,8,160,30,500,13,0,500,12,30,10,3,15,5,13,15
86.64,175.98,1,0,80,12,80,20,2500,9,0,2200,12,40,10,6,11,10,10,30
78.78,159.91,1,0,50,12,50,20,2400,10,0,2100,13,30,13,8,14,10,14,30
96.34,136.95,1,0,80,10,80,20,2400,11,5,2000,14,30,12,6,13,10,14,30
49.73,145.35,3,0,170,13,120,30,500,14,5,500,10,40,12,4,15,10,12,25
71.98,169.21,3,0,240,9,190,30,500,11,10,500,14,40,10,8,13,5,15,30
53.82,134.11,1,0,60,11,60,30,2300,8,0,2800,12,30,11,5,12,5,13,15
55.72,168.21,2,0,80,40,80,50,500,11,10,500,11,10,11,10,8,10,10,30
85.89,154.23,1,0,50,11,50,20,2500,13,5,2100,12,20,9,6,8,10,15,15
95.88,150.99,1,0,60,11,60,20,2600,15,5,2700,10,20,15,5,11,10,12,20
66.58,175.4,2,0,60,40,60,50,500,8,15,500,14,10,14,11,8,10,9,40
63.07,177.07,2,0,90,50,90,50,500,14,15,500,8,15,9,12,9,15,13,40
88.19,146.51,1,0,60,13,60,30,2400,10,0,2200,13,20,8,3,12,10,13,25
58.78,149.83,3,0,200,10,150,30,500,10,0,500,12,30,14,7,14,5,15,15
63.96,164.37,3,0,160,8,110,30,500,15,5,500,8,10,15,8,12,10,10,15
73.66,156.72,1,0,50,14,50,30,2500,13,10,2500,14,30,12,4,8,5,14,15
63.06,182.54,2,0,50,40,50,50,500,10,15,500,15,25,9,8,8,15,10,30
66.64,133.5,1,0,80,11,80,30,2700,13,10,2100,13,30,9,4,11,5,9,15
65.93,179.98,2,0,80,50,80,50,500,11,10,500,10,15,12,9,13,10,14,30
63.4,157.26,3,0,240,15,190,20,500,13,5,500,12,40,12,6,14,10,15,30
66.84,148.7,1,0,60,13,60,20,2900,9,5,2500,11,10,15,5,15,10,15,20
78.59,129.85,1,0,70,10,70,20,2800,12,0,2800,11,30,10,8,12,5,13,30
84.87,166.56,1,0,70,12,70,30,2800,9,10,2000,14,40,8,4,12,10,12,30
133.85,172.02,1,0,60,12,60,20,2900,12,0,2000,11,20,10,4,14,5,11,20
88.41,150.6,1,0,70,8,70,20,2200,14,0,2800,10,10,11,7,10,5,9,30
35.7,160.74,2,0,90,30,90,50,500,14,15,500,13,20,10,9,9,10,15,30
78.98,162.53,1,0,60,10,60,30,2900,13,10,2800,11,30,14,7,8,5,11,30
55,180.16,2,0,60,30,60,50,500,13,15,500,15,10,9,10,13,15,11,35
76.79,156.61,1,0,90,9,90,20,2900,12,5,2000,14,40,9,8,13,10,9,25
36.21,183.57,2,0,100,40,100,50,500,15,10,500,10,15,13,12,13,10,8,40
74.35,167.18,3,0,250,9,200,30,500,11,10,500,15,10,11,6,13,5,13,15
65.53,162.07,3,0,210,15,160,30,500,15,0,500,12,40,10,4,13,10,11,15
69.01,138.57,1,0,60,14,60,20,2600,9,5,2000,8,20,10,4,8,5,14,25
61.84,169.22,2,0,90,50,90,50,500,8,10,500,14,15,10,12,10,15,13,35
63.17,164.51,3,0,180,8,130,30,500,9,5,500,8,40,12,7,14,10,15,30
57.96,173.97,2,0,100,40,100,50,500,10,15,500,10,15,14,9,11,10,12,40
78.3,132.18,1,0,80,8,80,20,2900,8,10,2000,15,30,13,6,15,5,15,30
68.55,167.23,3,0,240,14,190,20,500,14,0,500,10,10,14,4,15,5,12,30
52.29,149.59,3,0,250,9,200,30,500,12,5,500,9,20,11,5,12,5,9,25
67.4,162.07,3,0,180,15,130,20,500,8,0,500,14,40,8,5,15,5,10,15
76.32,168.41,3,0,210,11,160,20,500,12,10,500,9,10,13,6,9,10,10,15
60.61,154.44,3,0,170,15,120,20,500,9,5,500,11,40,10,3,13,10,14,20
71.11,159.65,1,0,70,15,70,20,2900,14,5,2400,12,30,15,3,14,5,9,30
60.54,159.98,3,0,170,15,120,20,500,9,5,500,13,40,12,8,9,5,14,25
48.48,157.61,2,0,100,30,100,50,500,12,10,500,13,15,14,9,15,15,9,30
7.85,142.71,2,0,50,40,50,50,500,15,10,500,15,20,13,9,8,15,15,35
42.41,142.34,3,0,200,13,150,20,500,10,10,500,14,30,10,8,12,5,15,30
41.31,157.94,2,0,70,30,70,50,500,13,15,500,13,10,11,9,10,10,9,35
41.23,162.11,2,0,100,50,100,50,500,9,10,500,13,15,11,11,13,15,10,35
52.5,186.51,2,0,70,30,70,50,500,8,10,500,11,15,14,8,9,10,11,40
46.1,163.63,2,0,90,50,90,50,500,8,10,500,15,10,11,10,15,10,10,30
82.31,175.04,3,0,160,13,110,30,500,11,10,500,14,40,14,3,15,10,13,25
38.72,136.37,3,0,160,9,110,30,500,11,0,500,14,30,8,5,10,5,14,20
51.07,154.98,2,0,80,30,80,50,500,9,15,500,13,20,10,10,13,15,8,40
56.85,156.06,3,0,230,14,180,30,500,13,10,500,10,20,12,5,13,5,15,20
83.86,163.67,1,0,90,8,90,20,2700,13,0,2200,15,30,15,3,15,10,12,25
58.4,147.69,1,0,60,15,60,30,3000,10,0,2200,14,10,12,6,9,5,15,20
90.05,164.78,1,0,50,13,50,20,2000,14,0,2100,14,10,9,3,11,10,11,20
75.76,156.8,1,0,60,11,60,30,2500,13,5,2500,12,40,12,3,13,5,10,20
81.52,140.14,1,0,60,9,60,20,2400,15,0,2400,15,30,15,4,8,5,11,25
80.96,153.34,1,0,100,13,100,30,2000,15,0,3000,13,10,12,4,12,5,15,30
60.73,167.67,2,0,100,30,100,50,500,11,15,500,10,25,8,12,12,15,9,35
64.54,176.42,2,0,60,40,60,50,500,10,15,500,10,25,14,8,8,10,11,35
67.46,146.32,1,0,100,13,100,20,2700,15,0,2200,11,10,12,4,10,10,14,20
53.36,164.88,2,0,80,50,80,50,500,10,15,500,13,15,9,8,11,10,12,40
76.66,154.35,1,0,50,13,50,20,2500,12,5,2500,8,30,12,5,9,10,15,30
57.52,174.96,2,0,50,50,50,50,500,13,15,500,14,25,8,11,9,15,15,40
44.96,163.13,2,0,70,30,70,50,500,13,10,500,8,10,9,12,10,15,13,35
62.9,183.58,2,0,50,40,50,50,500,15,10,500,10,25,10,11,11,15,12,35
83.91,156.66,1,0,60,14,60,30,2700,8,10,3000,8,30,9,3,14,10,15,25
29.33,174.27,2,0,50,50,50,50,500,12,10,500,12,20,12,10,12,15,8,30
48.61,141.21,3,0,180,13,130,30,500,14,10,500,13,40,13,3,12,5,10,20
63.53,158.46,3,0,210,11,160,20,500,8,5,500,9,30,9,4,13,5,13,15
95.62,182.04,1,0,90,8,90,30,2400,9,5,2200,13,30,15,8,10,5,11,30
69.04,134.37,1,0,100,8,100,30,2500,8,5,2300,15,10,10,6,9,10,13,25
71.67,152.17,1,0,90,11,90,20,2100,14,10,2900,13,10,14,4,14,10,14,30
75.22,131.45,1,0,60,8,60,20,2400,10,0,2800,13,10,10,4,11,10,12,30
47.19,164.87,2,0,60,50,60,50,500,9,15,500,12,20,15,10,8,15,13,35
44.35,151.11,2,0,90,40,90,50,500,12,15,500,13,15,10,12,9,10,15,35
76.93,153.27,1,0,50,10,50,30,2900,11,0,2700,9,10,15,3,10,10,14,15
81.35,157.51,1,0,100,13,100,30,2400,8,5,2900,8,30,14,7,15,5,11,25
50.49,137.16,1,0,90,14,90,30,2000,11,5,2000,15,10,14,7,8,5,15,20
70.41,167.55,3,0,230,8,180,20,500,15,0,500,12,20,13,5,13,5,10,20
40.3,167.81,2,0,80,50,80,50,500,8,10,500,14,10,9,12,13,10,11,40
70.31,138.12,1,0,80,9,80,20,2300,9,0,2800,11,10,8,8,10,10,12,30
90.9,170.86,1,0,80,11,80,20,2800,15,0,2200,11,20,12,7,10,10,12,15
61.28,151.48,3,0,210,14,160,20,500,8,0,500,13,40,11,5,8,5,11,25
56.73,183.59,2,0,80,30,80,50,500,15,10,500,13,15,12,11,15,10,13,40
47.25,153.15,2,0,50,50,50,50,500,9,15,500,8,25,8,11,14,15,9,40
68.14,170.73,3,0,230,12,180,20,500,11,5,500,12,30,8,7,11,5,8,25
59.87,142.93,1,0,90,8,90,30,2000,13,5,2100,14,40,11,8,14,10,9,25
56.51,163.49,2,0,80,30,80,50,500,8,10,500,9,10,10,10,12,10,11,30
74.55,162.06,1,0,70,15,70,30,2400,12,5,2700,11,40,9,6,13,10,11,20
65.93,155.32,1,0,80,8,80,30,2100,14,5,2100,15,40,10,5,11,5,9,30
34.86,154.15,2,0,100,40,100,50,500,9,15,500,8,15,11,12,10,10,12,30
79.36,157.37,1,0,100,9,100,20,2400,8,5,2500,11,40,15,4,8,10,11,15
44.44,187.62,2,0,80,30,80,50,500,15,10,500,12,20,8,8,8,10,11,35
36.17,163.37,2,0,70,50,70,50,500,15,15,500,11,10,10,11,10,15,12,30
49.84,185.14,2,0,70,40,70,50,500,13,15,500,12,10,9,9,10,10,10,35
62.93,149.93,1,0,100,10,100,30,2300,14,10,2300,14,20,15,4,13,10,14,30
75.57,167.48,3,0,200,15,150,30,500,10,5,500,8,10,12,6,15,10,12,25
48.79,170.23,2,0,60,30,60,50,500,9,10,500,12,15,11,9,8,15,12,40
69.69,156.82,1,0,60,12,60,30,2600,8,5,2200,8,10,8,6,11,5,11,20
54.96,159.15,2,0,70,30,70,50,500,9,10,500,13,25,13,8,13,15,10,35
64.26,174.79,2,0,60,30,60,50,500,12,10,500,13,25,10,11,14,10,8,30
70.51,153.2,1,0,70,11,70,30,2100,11,5,2300,9,20,12,6,15,5,13,25
84.73,121.54,1,0,80,15,80,20,2800,15,5,2500,8,30,13,5,15,5,14,30
59.91,173.76,2,0,80,50,80,50,500,9,10,500,9,10,8,12,9,10,9,30
48.01,162.48,2,0,90,30,90,50,500,13,10,500,11,10,13,9,11,15,10,35
48.2,159.69,2,0,80,30,80,50,500,9,15,500,13,20,13,10,9,15,8,30
48.44,159.93,2,0,50,40,50,50,500,11,10,500,11,10,12,8,10,15,11,30
79.92,161.93,1,0,80,14,80,20,2900,9,5,2800,15,40,15,5,14,5,9,15
48.54,176.18,2,0,80,40,80,50,500,10,15,500,11,15,12,10,11,15,9,40
60.66,174.82,2,0,70,30,70,50,500,15,10,500,8,10,12,8,15,15,11,40
56.63,168.33,2,0,70,40,70,50,500,9,10,500,9,20,10,8,11,15,15,30
80.17,134.91,1,0,80,10,80,30,2500,9,5,2900,9,40,11,8,8,10,8,25
61.69,163.34,3,0,250,9,200,30,500,8,10,500,10,40,13,7,14,5,13,20
64.52,154.14,1,0,70,8,70,30,3000,11,10,2500,8,20,11,3,13,5,12,20
68.7,162.22,3,0,240,11,190,30,500,9,5,500,8,30,10,7,10,10,9,15
58.83,163.31,2,0,90,30,90,50,500,8,15,500,12,25,14,11,12,10,9,35
73.05,158.02,1,0,50,12,50,20,2800,14,0,2000,12,30,12,6,12,10,8,25
50.82,152.83,3,0,160,10,110,30,500,13,0,500,15,20,8,6,15,5,13,20
83.57,143.92,1,0,90,10,90,20,2900,12,0,2800,12,10,15,5,13,5,15,25
68.22,131.88,1,0,60,14,60,20,2000,13,5,2300,8,30,8,5,10,5,12,25
82.24,161.66,1,0,50,12,50,30,2100,12,5,2500,10,10,14,8,9,5,10,25
63.01,132.97,1,0,100,13,100,30,2900,15,5,2600,10,30,9,5,8,5,11,25
55.99,175.67,2,0,60,40,60,50,500,11,10,500,9,25,13,10,8,10,8,40
72.17,163.32,3,0,170,14,120,20,500,15,5,500,8,10,13,8,14,5,12,20
84.2,164.31,1,0,70,15,70,30,2100,9,0,2900,15,10,9,6,11,5,13,20
40.97,168.21,2,0,90,50,90,50,500,13,15,500,8,15,10,10,9,15,10,30
61.23,156.18,3,0,190,10,140,20,500,14,5,500,13,10,9,4,10,10,13,20
50.29,156.44,2,0,90,50,90,50,500,11,10,500,11,20,13,9,8,10,11,30
59.36,151.13,3,0,190,12,140,20,500,13,10,500,11,30,11,5,15,5,9,15
75.92,162.53,1,0,60,14,60,30,2500,11,5,2000,11,20,9,7,10,5,12,30
67,182.79,2,0,70,40,70,50,500,14,15,500,11,20,9,12,11,15,14,40
63.3,125.99,1,0,90,13,90,20,2900,12,5,2400,8,30,15,8,12,10,9,30
71.88,196.5,2,0,90,30,90,50,500,12,10,500,10,10,11,9,14,15,10,30
74.34,174.04,3,0,180,12,130,20,500,14,5,500,15,20,15,5,11,5,14,20
82.42,137.87,1,0,70,8,70,30,2600,15,5,2800,9,10,9,6,13,10,9,20
72.75,180.82,2,0,70,30,70,50,500,15,15,500,8,25,12,11,13,15,10,35
47.66,169.69,2,0,60,50,60,50,500,14,10,500,10,20,9,11,14,10,14,30
77.62,171.4,3,0,190,12,140,20,500,10,5,500,14,40,14,3,11,5,15,20
64.15,145.22,1,0,60,8,60,20,3000,8,10,2800,12,40,8,7,14,10,12,30
60.33,177.77,2,0,70,30,70,50,500,12,10,500,11,10,13,11,10,10,9,30
58.28,169.64,2,0,70,30,70,50,500,9,10,500,9,25,13,8,9,15,15,40
61.93,158.51,3,0,240,11,190,20,500,9,0,500,10,20,11,5,12,5,10,25
35.71,147.8,2,0,90,50,90,50,500,15,10,500,15,20,8,8,8,15,15,30
91.91,163.94,1,0,100,14,100,30,2200,8,10,2800,8,40,14,6,14,10,13,25
69.38,163.85,3,0,220,12,170,20,500,13,10,500,14,20,12,3,11,5,9,25
65.24,178.19,2,0,50,50,50,50,500,12,10,500,15,20,11,12,10,15,14,35
111.5,160.27,1,0,100,12,100,20,2500,9,0,2900,11,40,13,5,13,5,15,25
74.51,160.44,1,0,50,14,50,20,2700,12,0,2300,12,20,9,3,14,5,15,30
46.29,146.92,3,0,160,13,110,20,500,14,5,500,12,20,14,8,8,10,10,30
61.91,152.86,3,0,230,13,180,20,500,12,5,500,10,20,13,3,11,10,14,30
55.81,160.06,2,0,80,50,80,50,500,9,10,500,12,25,10,8,8,10,13,30
58.44,168.16,2,0,70,40,70,50,500,14,10,500,10,10,9,8,15,10,14,30
68.18,156.81,1,0,70,15,70,30,2300,10,10,2600,13,10,10,3,9,10,15,15
82.01,173.79,3,0,170,14,120,20,500,8,5,500,9,20,11,5,11,5,10,30
47.05,164.17,2,0,80,30,80,50,500,9,15,500,15,10,13,11,11,15,11,40
65.9,130.71,1,0,50,8,50,20,2300,15,10,2200,11,10,12,6,8,10,13,25
65.36,161.48,3,0,150,8,100,30,500,8,10,500,9,20,15,4,8,5,13,30
48.13,141.84,3,0,220,14,170,30,500,9,5,500,13,20,8,8,15,5,15,25
90.02,171.44,1,0,100,11,100,30,2200,8,0,2000,11,30,15,6,14,10,9,30
96.55,187.82,3,0,150,10,100,30,500,15,5,500,10,10,12,7,9,5,15,25
60.14,163.42,2,0,80,50,80,50,500,10,15,500,9,20,10,12,8,15,13,30
53.27,157.65,2,0,90,40,90,50,500,13,15,500,12,25,13,12,11,15,12,40
62.92,170.78,2,0,80,40,80,50,500,15,15,500,13,25,8,12,14,15,13,40
58.79,166.38,2,0,100,50,100,50,500,13,10,500,9,15,13,10,12,15,12,40
69.8,149.33,1,0,70,10,70,20,2700,14,0,2900,9,20,9,4,8,10,9,25
62.24,158.39,3,0,160,11,110,20,500,8,0,500,15,30,11,8,13,10,12,30
69.82,182.35,2,0,50,30,50,50,500,13,10,500,11,25,9,8,15,15,15,35
84.37,173.64,1,0,80,10,80,30,2900,11,5,2000,11,20,8,5,9,5,15,20
52.67,145.67,3,0,200,10,150,30,500,10,5,500,9,10,14,8,15,10,13,30
108.22,167.87,1,0,70,14,70,20,3000,14,10,2200,9,30,14,3,11,10,14,30
60.58,185.73,2,0,100,50,100,50,500,15,15,500,15,10,14,12,10,10,12,35
65.96,182.13,2,0,80,40,80,50,500,15,15,500,9,25,8,9,14,15,9,35
88.38,168.2,1,0,100,9,100,20,2800,10,5,2100,13,20,14,3,8,10,9,20
73.8,160.64,1,0,80,13,80,30,2900,9,0,2800,8,30,10,5,10,10,14,20
60.47,163.78,2,0,50,50,50,50,500,13,10,500,14,20,12,11,15,10,13,30
78.65,181.86,2,0,80,40,80,50,500,9,15,500,12,20,14,10,13,15,14,35
70.7,153.62,1,0,100,10,100,20,2300,13,0,2300,14,30,13,5,9,10,13,20
84.97,158.61,1,0,80,15,80,30,2300,13,10,2000,10,30,8,7,13,10,10,30
91.02,169.4,1,0,90,15,90,20,2500,12,5,2400,12,10,15,6,9,5,14,30
56.46,171.87,2,0,100,30,100,50,500,10,10,500,9,15,12,8,13,15,10,30
57.39,170.71,2,0,60,30,60,50,500,8,15,500,12,15,15,9,13,15,11,30
65.12,165.16,3,0,220,15,170,20,500,11,10,500,11,40,11,3,8,10,15,30
63.35,161.51,3,0,220,12,170,30,500,11,0,500,11,10,12,7,10,5,11,20
90.61,154.72,1,0,90,11,90,20,2400,8,10,3000,15,30,12,5,11,10,10,25
84.1,187.11,2,0,90,40,90,50,500,15,10,500,8,15,14,12,13,10,8,40
91.04,171.57,1,0,60,8,60,30,2600,8,10,3000,10,30,14,5,11,5,12,25
79.44,142.39,1,0,50,9,50,20,2100,10,5,2900,10,20,10,8,12,5,15,30
55.31,178.78,2,0,100,50,100,50,500,11,10,500,12,15,8,9,9,10,13,35
61.68,157.52,3,0,220,13,170,30,500,11,5,500,14,30,11,5,14,5,11,30
64.8,173.28,2,0,80,50,80,50,500,15,10,500,9,20,10,11,9,15,9,35
70.59,177,2,0,60,40,60,50,500,14,10,500,9,15,13,11,15,10,13,35
76.56,161.76,1,0,60,8,60,30,3000,11,5,2900,9,10,15,6,14,5,12,20
45.09,167.11,2,0,80,50,80,50,500,11,15,500,9,20,11,12,14,10,9,35
64.51,208.16,2,0,70,50,70,50,500,10,10,500,10,15,9,9,8,10,10,35
67.67,156.24,1,0,50,11,50,20,2400,10,10,2600,15,30,14,8,9,10,15,20
77.27,163.38,1,0,100,11,100,20,2900,8,0,3000,13,20,10,5,13,10,15,20
77.71,152.72,1,0,60,13,60,20,3000,8,5,2200,12,30,11,6,8,5,13,25
59.31,176.46,2,0,80,50,80,50,500,10,15,500,9,20,15,8,12,10,11,35
83.91,171.65,1,0,100,14,100,30,3000,11,10,2900,10,40,15,3,12,10,8,30
67.7,158.88,3,0,200,13,150,30,500,13,5,500,15,20,14,6,14,5,8,20
87.6,147.8,1,0,60,8,60,20,2600,10,10,2300,8,30,8,7,8,5,13,25
64.65,178.57,2,0,70,40,70,50,500,9,15,500,10,20,15,10,11,15,14,30
61.43,154.09,3,0,200,12,150,20,500,9,10,500,8,30,9,3,14,5,9,20
49.97,150.11,3,0,220,15,170,20,500,13,5,500,9,20,13,4,12,5,9,15
77.48,153,1,0,70,10,70,20,2700,15,5,2500,9,20,14,4,15,10,14,15
87.45,181.82,3,0,160,10,110,30,500,9,5,500,10,20,14,4,12,5,13,30
62.23,170.08,2,0,70,30,70,50,500,11,10,500,9,25,9,11,10,15,8,35
50.1,150.02,3,0,220,10,170,30,500,13,5,500,15,40,12,5,10,10,13,20
66.91,166.77,3,0,210,14,160,20,500,10,5,500,12,10,12,6,10,10,10,30
83.96,172.38,1,0,50,8,50,20,2400,8,0,2900,9,10,9,6,15,5,14,30
82.17,176.15,3,0,250,10,200,30,500,15,0,500,11,30,13,5,12,5,12,20
59.63,168.78,2,0,70,30,70,50,500,13,15,500,14,10,15,12,8,10,8,35
68.79,168.74,3,0,230,15,180,20,500,9,10,500,10,20,10,5,12,10,13,25
45.84,161.95,2,0,80,30,80,50,500,9,15,500,9,15,14,12,8,15,12,40
67.06,156.97,1,0,100,12,100,20,2500,15,0,2300,9,20,8,3,14,10,9,15
70.59,168.28,3,0,250,11,200,20,500,8,0,500,15,10,10,8,11,5,8,30
83.87,172.77,1,0,70,10,70,30,2500,12,0,2600,11,30,10,6,10,5,12,20
72.36,183.58,2,0,50,30,50,50,500,10,10,500,10,20,12,12,14,10,10,40
79.19,162.8,1,0,50,14,50,30,2700,12,10,2200,12,40,9,4,9,10,11,15
77.37,138.69,1,0,60,14,60,30,2300,14,0,3000,9,10,11,5,9,5,11,30
74.35,140.08,1,0,60,11,60,20,2500,10,0,3000,13,20,15,7,15,5,11,15
42.25,145.1,3,0,230,9,180,20,500,11,10,500,10,30,8,4,15,5,10,30
78.62,194.49,2,0,50,40,50,50,500,14,10,500,14,15,12,10,9,15,12,30
65,133.1,1,0,100,9,100,30,2300,12,0,2400,9,30,9,8,13,10,15,20
69.14,167.54,3,0,200,8,150,30,500,15,5,500,10,10,15,4,9,5,8,30
56.53,141.53,1,0,80,11,80,20,2100,11,5,2400,12,10,10,6,10,5,15,15
55.97,151.81,3,0,220,15,170,20,500,9,5,500,11,40,9,4,12,10,15,25
74.19,147.49,1,0,100,11,100,30,2100,12,0,2600,8,30,12,7,15,10,8,15
73.8,162.77,1,0,70,8,70,20,2800,10,10,2100,12,40,12,7,10,10,10,25
91.81,166.2,1,0,100,13,100,20,2200,10,10,2400,10,40,12,6,14,10,11,30
78.52,150.07,1,0,80,12,80,30,2600,15,5,3000,9,10,15,7,12,10,12,20
52.08,145.72,3,0,190,15,140,20,500,14,5,500,13,40,10,5,13,10,10,25
61.66,141.44,1,0,80,10,80,30,2200,13,5,2000,14,20,14,8,10,5,15,15
69.56,172.31,3,0,190,15,140,30,500,12,0,500,13,30,15,7,8,10,9,25
61.99,150.34,1,0,70,13,70,20,2300,9,5,3000,9,40,15,7,14,10,14,25
59.96,165.31,2,0,80,50,80,50,500,11,10,500,13,15,10,9,8,15,10,40
75.69,167.38,3,0,240,8,190,30,500,8,5,500,15,20,15,4,13,10,11,25
62.76,170.69,2,0,80,50,80,50,500,12,10,500,15,15,8,9,13,15,13,35
62.7,195.19,2,0,60,30,60,50,500,9,10,500,9,10,13,11,11,10,12,35
68.75,175.33,2,0,60,40,60,50,500,13,10,500,14,25,11,10,9,10,8,40
66.97,150.03,1,0,80,14,80,30,2600,11,0,2900,10,20,15,5,11,5,13,25
47.56,119.76,1,0,60,14,60,30,2000,15,0,2800,14,30,14,6,9,10,8,15
60.42,165.55,2,0,100,30,100,50,500,11,15,500,9,20,11,12,9,10,15,30
57.51,173.27,2,0,70,30,70,50,500,14,15,500,9,25,11,8,14,15,10,30
74.68,174.55,3,0,210,11,160,30,500,12,5,500,8,10,8,4,12,5,9,20
65.42,165.93,3,0,150,9,100,20,500,14,5,500,13,30,14,7,10,10,10,15
67.62,155.13,1,0,90,14,90,20,2500,11,5,2700,15,10,12,4,12,5,14,15
77.16,157.71,1,0,70,11,70,30,2600,10,0,2800,12,40,10,6,10,10,12,30
25.87,166.38,2,0,100,30,100,50,500,14,10,500,9,20,10,11,15,15,15,30
77.97,139.71,1,0,90,8,90,30,2100,10,10,2000,12,20,9,7,9,5,14,30
65.39,141.24,1,0,100,9,100,20,2000,11,10,2400,8,30,13,7,8,5,14,25
99.55,122.87,1,0,100,15,100,20,2700,13,0,2300,14,40,13,7,8,5,9,20
67.97,190.37,2,0,90,30,90,50,500,13,15,500,12,25,15,10,15,15,14,30
83.27,154.81,1,0,60,9,60,20,3000,9,0,2500,8,10,10,5,8,10,13,15
52.48,134.36,1,0,80,11,80,20,2900,14,10,2100,10,30,13,5,9,5,9,30
67.04,158.9,3,0,230,14,180,30,500,10,10,500,10,40,15,6,12,10,13,15
43.77,175.23,2,0,90,30,90,50,500,14,10,500,14,10,9,8,8,10,11,30
76.79,189.83,2,0,60,30,60,50,500,13,10,500,8,10,13,12,12,15,14,30
43.24,153.8,2,0,80,40,80,50,500,13,15,500,12,25,15,9,10,10,10,35
70.41,148.51,1,0,60,8,60,30,2200,13,0,2900,9,40,15,3,12,5,8,15
68.79,191.05,2,0,50,40,50,50,500,9,15,500,11,10,9,10,13,10,10,35
71.52,161.16,1,0,80,10,80,30,3000,8,5,2000,14,40,9,4,13,5,8,30
47.57,182.28,2,0,90,50,90,50,500,15,15,500,10,15,15,12,10,10,10,40
86.13,156.41,1,0,100,15,100,30,2400,11,5,2900,13,40,13,5,14,5,13,30
76.64,193.66,2,0,70,40,70,50,500,8,10,500,8,25,13,9,10,10,14,40
71.95,168.21,3,0,220,11,170,30,500,9,5,500,11,40,13,8,14,10,12,25
62.5,132.88,1,0,90,10,90,30,2200,10,10,2100,8,40,11,4,10,10,10,20
58.6,124.23,1,0,90,13,90,30,2300,12,0,2700,14,20,9,5,14,5,14,15
63.73,180.32,2,0,90,30,90,50,500,11,10,500,8,10,10,10,11,10,9,35
77.62,126.97,1,0,60,15,60,20,2200,11,10,2200,14,10,15,3,8,10,10,15